Datetime,Water Level (m)
2026-02-19 06:00:00,-0.08842778
2026-02-19 07:00:00,-0.13641131
2026-02-19 08:00:00,-0.1557568
2026-02-19 09:00:00,-0.17894146
2026-02-19 10:00:00,-0.18897627
2026-02-19 11:00:00,-0.050637655
2026-02-19 12:00:00,0.16953568
2026-02-19 13:00:00,0.28648445
2026-02-19 14:00:00,0.33760947
2026-02-19 15:00:00,0.30875102
2026-02-19 16:00:00,0.20714118
2026-02-19 17:00:00,0.046682
2026-02-19 18:00:00,-0.055448268
2026-02-19 19:00:00,-0.09738935
2026-02-19 20:00:00,-0.12172963
2026-02-19 21:00:00,-0.15060808
2026-02-19 22:00:00,-0.16906999
2026-02-19 23:00:00,-0.029141482
2026-02-20 00:00:00,0.21531697
2026-02-20 01:00:00,0.33910435
2026-02-20 02:00:00,0.39894268
2026-02-20 03:00:00,0.38027355
2026-02-20 04:00:00,0.28877866
2026-02-20 05:00:00,0.12538397
2026-02-20 06:00:00,0.0033690385
2026-02-20 07:00:00,-0.04913405
2026-02-20 08:00:00,-0.07550678
2026-02-20 09:00:00,-0.10465941
2026-02-20 10:00:00,-0.13446788
2026-02-20 11:00:00,-0.12896545
2026-02-20 12:00:00,0.103470385
2026-02-20 13:00:00,0.27756852
2026-02-20 14:00:00,0.3796503
2026-02-20 15:00:00,0.38688308
2026-02-20 16:00:00,0.3189902
2026-02-20 17:00:00,0.17170075
2026-02-20 18:00:00,0.027073702
2026-02-20 19:00:00,-0.044480275
2026-02-20 20:00:00,-0.07334419
2026-02-20 21:00:00,-0.10050232
2026-02-20 22:00:00,-0.12853466
2026-02-20 23:00:00,-0.123282775
2026-02-21 00:00:00,0.100366235
2026-02-21 01:00:00,0.28256717
2026-02-21 02:00:00,0.3922508
2026-02-21 03:00:00,0.41403055
2026-02-21 04:00:00,0.36361304
2026-02-21 05:00:00,0.23125164
2026-02-21 06:00:00,0.07228976
2026-02-21 07:00:00,-0.011667281
2026-02-21 08:00:00,-0.046197787
2026-02-21 09:00:00,-0.0738848
2026-02-21 10:00:00,-0.10452481
2026-02-21 11:00:00,-0.12987094
2026-02-21 12:00:00,-0.03328948
2026-02-21 13:00:00,0.21455364
2026-02-21 14:00:00,0.3406196
2026-02-21 15:00:00,0.40976837
2026-02-21 16:00:00,0.39185995
2026-02-21 17:00:00,0.30346614
2026-02-21 18:00:00,0.14291249
2026-02-21 19:00:00,0.018666217
2026-02-21 20:00:00,-0.034862813
2026-02-21 21:00:00,-0.060429472
2026-02-21 22:00:00,-0.089770004
2026-02-21 23:00:00,-0.11602549
2026-02-22 00:00:00,-0.049264707
2026-02-22 01:00:00,0.19796772
2026-02-22 02:00:00,0.33008313
2026-02-22 03:00:00,0.4099378
2026-02-22 04:00:00,0.3961456
2026-02-22 05:00:00,0.30935156
2026-02-22 06:00:00,0.15084492
2026-02-22 07:00:00,0.02745474
2026-02-22 08:00:00,-0.02897673
2026-02-22 09:00:00,-0.055684865
2026-02-22 10:00:00,-0.08574236
2026-02-22 11:00:00,-0.1174497
2026-02-22 12:00:00,-0.12225771
2026-02-22 13:00:00,0.07252486
2026-02-22 14:00:00,0.26716843
2026-02-22 15:00:00,0.3785298
2026-02-22 16:00:00,0.4151672
2026-02-22 17:00:00,0.38556385
2026-02-22 18:00:00,0.27819648
2026-02-22 19:00:00,0.11616827
2026-02-22 20:00:00,0.015465011
2026-02-22 21:00:00,-0.02461568
2026-02-22 22:00:00,-0.050482124
2026-02-22 23:00:00,-0.08112773
2026-02-23 00:00:00,-0.095678486
2026-02-23 01:00:00,0.03542364
2026-02-23 02:00:00,0.23619378
2026-02-23 03:00:00,0.3464455
2026-02-23 04:00:00,0.38904658
2026-02-23 05:00:00,0.34591082
2026-02-23 06:00:00,0.22469449
2026-02-23 07:00:00,0.07345435
2026-02-23 08:00:00,-0.014036588
2026-02-23 09:00:00,-0.05088092
2026-02-23 10:00:00,-0.07303422
2026-02-23 11:00:00,-0.09828731
2026-02-23 12:00:00,-0.12329345
2026-02-23 13:00:00,-0.0866664
2026-02-23 14:00:00,0.12880802
2026-02-23 15:00:00,0.2769818
2026-02-23 16:00:00,0.37054634
2026-02-23 17:00:00,0.38697118
2026-02-23 18:00:00,0.346449
2026-02-23 19:00:00,0.22563525
2026-02-23 20:00:00,0.071249366
2026-02-23 21:00:00,-0.009990435
2026-02-23 22:00:00,-0.04346614
2026-02-23 23:00:00,-0.070360236
2026-02-24 00:00:00,-0.09830749
2026-02-24 01:00:00,-0.10641648
2026-02-24 02:00:00,-0.0022163375
2026-02-24 03:00:00,0.16968878
2026-02-24 04:00:00,0.2766424
2026-02-24 05:00:00,0.30804297
2026-02-24 06:00:00,0.24858044
2026-02-24 07:00:00,0.10725469
2026-02-24 08:00:00,-0.008085336
2026-02-24 09:00:00,-0.07793359
2026-02-24 10:00:00,-0.10901592
2026-02-24 11:00:00,-0.13003907
2026-02-24 12:00:00,-0.15211235
2026-02-24 13:00:00,-0.17306183
2026-02-24 14:00:00,-0.11210029
2026-02-24 15:00:00,0.08348269
2026-02-24 16:00:00,0.21997221
2026-02-24 17:00:00,0.30431908
2026-02-24 18:00:00,0.3230551
2026-02-24 19:00:00,0.28975117
2026-02-24 20:00:00,0.17310728
2026-02-24 21:00:00,0.024089666
2026-02-24 22:00:00,-0.050278116
2026-02-24 23:00:00,-0.074598365
2026-02-25 00:00:00,-0.09650487
2026-02-25 01:00:00,-0.120161064
2026-02-25 02:00:00,-0.13421471
2026-02-25 03:00:00,-0.09016083
2026-02-25 04:00:00,0.032445583
2026-02-25 05:00:00,0.15717925
2026-02-25 06:00:00,0.2115228
